objectid,title,proj_url,subject,creator,description,platform,CMS status,type,date,Project status,Location,repository,identifier,display_template,object_location,image_small,image_thumb,image_alt_text
ds001,Iranica: modes of transmission,https://digitalprojects.brynmawr.edu/iranica,speccoll; exhibit,Bryn Mawr College Special Collections,,Static,Static,Exhibit,2005,Completed,dp,,89-1163,image,/objects/89-1163.jpg,/objects/small/89-1163_sm.jpg,/objects/thumbs/89-1163_th.jpg,
ds002,Intimate devotion: the book of hours in medieval religious practice,https://digitalprojects.brynmawr.edu/intimate-devotion,exhibition,Bryn Mawr College Special Collections,,Static,Static,Exhibit,2008,Completed,dp,,89-1172,image,https://digitalprojects.brynmawr.edu/intimate-devotion/index.jpg,https://digitalprojects.brynmawr.edu/intimate-devotion/index.jpg,https://digitalprojects.brynmawr.edu/intimate-devotion/index.jpg,
ds003,History of Women in Science,https://digitalscholarship.brynmawr.edu/howis/,college history;,Bryn Mawr College Digital Scholarship,,Static (html) with 3d,Static,3D,2019,Completed,ds,,89-1173,image,/objects/89-1173.jpg,/objects/small/89-1173_sm.jpg,/objects/thumbs/89-1173_th.jpg,
ds004,Journeways to the West,https://digitalscholarship.brynmawr.edu/journeyways/,dbmg; dssf; faculty,Bryn Mawr College Digital Scholarship,,Static (html temp) with 3d,Static,3D,2019,Completed,ds,,89-1174,image,https://digitalscholarship.brynmawr.edu/journeyways/images/screen_1.png,https://digitalscholarship.brynmawr.edu/journeyways/images/screen_1.png,https://digitalscholarship.brynmawr.edu/journeyways/images/screen_1.png,
ds005,Living Campus,https://digitalscholarship.brynmawr.edu/livingcampus/,dbmg; bmc,Bryn Mawr College Digital Scholarship,,Leaflet map,Static,Map,2019,Completed,"ds, github",,89-1175,image,/objects/89-1175.jpg,/objects/small/89-1175_sm.jpg,/objects/thumbs/89-1175_th.jpg,
ds006,TLV Mirrors,https://digitalscholarship.brynmawr.edu/tlv/,dbmg; faculty,Bryn Mawr College Digital Scholarship,,"3d models, javascript app",Static,3D,2019,Completed,ds,,89-1176,image,/objects/89-1176.jpg,/objects/small/89-1176_sm.jpg,/objects/thumbs/89-1176_th.jpg,
ds007,24 '31 Students Study Race,https://digitalscholarship.brynmawr.edu/24-31,dbmg; dssf; college histories,Bryn Mawr College Digital Scholarship,,Omeka,Running,Exhibit,2020,Completed,ds,,89-1177,image,/objects/89-1177.jpg,/objects/small/89-1177_sm.jpg,/objects/thumbs/89-1177_th.jpg,
ds008,Coloring the Past,https://digitalscholarship.brynmawr.edu/coloringthepast,dbmg; lits,Bryn Mawr College Digital Scholarship,,Wordpress,Running,3D,2020,Completed,dooo - Laura S.,,89-1178,image,/objects/coloring-past.png,/objects/small/coloring-past_sm.jpg,/objects/thumbs/coloring-past_th.jpg,
ds009,1960s Students Confronting Race (WBBM),https://digitalprojects.brynmawr.edu/who-built,wbbm; college histories,Who Built Bryn Mawr?,,Wordpress (with custom dev),Running,Exhibit,2021,Completed,dp,,89-1179,image,/objects/89-1179.jpg,/objects/small/89-1179_sm.jpg,/objects/thumbs/89-1179_th.jpg,
ds010,Text Mining *The College News*,https://digitalscholarship.brynmawr.edu/collegenews/,dssf; college history,Bryn Mawr College Digital Scholarship,,Jekyll,Static,Text mining,2021,Completed,"ds, github",,89-1181,image,https://digitalscholarship.brynmawr.edu/collegenews/assets/img/portfolio/issue-length-thumb.png,https://digitalscholarship.brynmawr.edu/collegenews/assets/img/portfolio/issue-length-thumb.png,https://digitalscholarship.brynmawr.edu/collegenews/assets/img/portfolio/issue-length-thumb.png,
ds011,Why Build Bryn Mawr? A Rough Draft in Stone: 1872-1894,https://wbbm.digitalprojects.brynmawr.edu/why-build/,wbbm; college histories,Who Built Bryn Mawr?,,Wordpress,Running,Exhibit,2022,Completed,dp,,89-1180,image,/objects/89-1180.jpg,/objects/small/89-1180_sm.jpg,/objects/thumbs/89-1180_th.jpg,
ds012,Critical Web Design Toolkit,https://digbmc.github.io/cwd-toolkit/,dssf; lits,Bryn Mawr College Digital Scholarship,,Jekyll,Static,Tool,2022,Completed,github,https://github.com/digbmc/cwd-toolkit,89-1164,image,/objects/89-1164.jpg,/objects/small/89-1164_sm.jpg,/objects/thumbs/89-1164_th.jpg,
ds013,Who Built Bryn Mawr?,https://wbbm.digitalprojects.brynmawr.edu/,wbbm; college histories,Who Built Bryn Mawr?,,Jekyll,Static,Exhibit,2023,Active,"dp, github",https://github.com/digbmc/wbbm,89-1182,image,/objects/89-1182.jpg,/objects/small/89-1182_sm.jpg,/objects/thumbs/89-1182_th.jpg,
ds014,"Disoriented: The First Asian Students, 1889-1924 (WBBM)",https://wbbm.digitalprojects.brynmawr.edu/current/disoriented/,wbbm; college histories,Who Built Bryn Mawr?,,Jekyll,Static,Blog,2023,Active,"dp, github",https://github.com/digbmc/wbbm,89-1183,image,/objects/89-1183.jpg,/objects/small/89-1183_sm.jpg,/objects/thumbs/89-1183_th.jpg,
ds015,Reactor Room,https://digitalscholarship.brynmawr.edu/reactor-room/,dssf; dmbg; faculty,Bryn Mawr College Digital Scholarship,,Jekyll,Static,Exhibit,2023,Active,"ds, github",https://github.com/digbmc/reactor-room,89-1184,image,/objects/89-1184.jpg,/objects/small/89-1184_sm.jpg,/objects/thumbs/89-1184_th.jpg,
ds016,Encyclopedia of the Dog,https://encyclopediaofthedog.com/,dbmg; faculty,Bryn Mawr College Digital Scholarship,,Jekyll,Static,Edition,2024,Active,github,https://github.com/encyclopedia-of-the-dog/encyclopedia-of-the-dog.github.io,89-1185,image,/objects/dogopedia.png,/objects/small/dogopedia_sm.jpg,/objects/thumbs/dogopedia_th.jpg,
ds017,Perry House Oral Histories Project,https://digitalprojects.brynmawr.edu/perryhousehistories/,college histories; dbmg,Bryn Mawr College Special Collections,,Wordpress,Running,Oral histories,2024,Active,dp,,89-1186,image,/objects/89-1186.jpg,/objects/small/89-1186_sm.jpg,/objects/thumbs/89-1186_th.jpg,
ds018,Old Dame Trot and Her Cat,https://digitalprojects.brynmawr.edu/dame-trot/,special collections,Bryn Mawr College Special Collections,,Wordpress,Running,Blog,2021,Unknown?,dp,,89-1187,image,/objects/89-1187.jpg,/objects/small/89-1187_sm.jpg,/objects/thumbs/89-1187_th.jpg,
ds019,Dedicated to the cause,https://digitalprojects.brynmawr.edu/suffrage/,college histories,Bryn Mawr College Special Collections,,Static,Static,Exhibit,2010,Completed,dp,,89-1188,image,/objects/89-1188.jpg,/objects/small/89-1188_sm.jpg,/objects/thumbs/89-1188_th.jpg,
ds020,Emblem Books,https://digitalprojects.brynmawr.edu/emblems/,speccoll,Bryn Mawr College Special Collections,,Static,Static,Exhibit,2010,Completed,dp,,89-1189,image,/objects/89-1189.jpg,/objects/small/89-1189_sm.jpg,/objects/thumbs/89-1189_th.jpg,
ds021,Traces of Mind Control,https://traces.brynmawr.edu/index.html,faculty,Bryn Mawr College,,Omeka with custom,Static,Exhibit,2012,Completed,ds,,89-1190,image,/objects/89-1190.jpg,/objects/small/89-1190_sm.jpg,/objects/thumbs/89-1190_th.jpg,
ds022,Greenfield,https://greenfield.brynmawr.edu/,college histories,Bryn Mawr College Special Collections,,Omeka (defunct),Running but broken; archived,Exhibit,2014,Completed,dp,,89-1191,image,/objects/89-1191.jpg,/objects/small/89-1191_sm.jpg,/objects/thumbs/89-1191_th.jpg,
ds023,Poissy Processional,https://poissyprocessional.brynmawr.edu/,special collections,Bryn Mawr College Special Collections,,Static (originally custom wordpress),Static,Exhibit,2014,Completed,dp,,89-1165,image,/objects/89-1165.jpg,/objects/small/89-1165_sm.jpg,/objects/thumbs/89-1165_th.jpg,
ds024,Scalar Digital Exhibitions,https://digitalscholarship.brynmawr.edu/scalar/,dbmg; college history,Bryn Mawr College Digital Scholarship,,Scalar,Running,Exhibit,2024,Ongoing,ds,,89-1192,image,/objects/89-1192.jpg,/objects/small/89-1192_sm.jpg,/objects/thumbs/89-1192_th.jpg,
ds025,SC Exhibition sites,https://exhibitions.digital.brynmawr.edu/,speccoll; exhibits,Bryn Mawr College Special Collections,,Scalar,Running,Exhibit,2024,Ongoing,dooo - exhibitions (Carrie),,89-1193,image,/objects/89-1193.jpg,/objects/small/89-1193_sm.jpg,/objects/thumbs/89-1193_th.jpg,